{
  "timestamp": "February 06, 2026 10:59:36 PM",
  "run_id": "4e289fed2bd049f6acd599ac5b670bb2",
  "params": {
    "dropout_p": 0.5,
    "lr": 0.0001,
    "lr_factor": 0.8,
    "lr_patience": 3,
    "num_samples": 23,
    "num_epochs": 1,
    "batch_size": 256,
    "num_classes": 4
  },
  "metrics": [
    {
      "epoch": 0,
      "train_loss": 0.7188398838043213,
      "val_loss": 0.549174964427948
    }
  ]
}
